cell_line_id,status,Main_data_available,Main_parent_line,Main_gene_symbol,Main_gene_name,Main_protein,Main_gene_id,Main_mrna_id,Main_ensembl_id,Main_structure,Main_terminal_tagged,Main_fluorescent_tag,Main_linker,Main_order_link,Main_parental_order_link,Main_plasmid_sequence,Main_cell_line_morphology,Main_cell_line_morphology_caption,Main_cell_line_movie1,Main_cell_line_movie1_caption,Main_cell_line_movie2,Main_cell_line_movie2_caption,EditingDesign_finished,EditingDesign_crRNA_seq,EditingDesign_cas9,EditingDesign_NCBI_isoform,EditingDesign_gene_figure,EditingDesign_gene_figure_caption,EditingDesign_p14_fpkm,EditingDesign_p18_fpkm,EditingDesign_expression_figure,GenomicCharacterization_finished,GenomicCharacterization_junction_schematic,GenomicCharacterization_junction_schematic_caption,GenomicCharacterization_sequences_link,GenomicCharacterization_sequences_link_caption,GenomicCharacterization_tagged_allele_gel,GenomicCharacterization_tagged_allele_gel_caption,GenomicCharacterization_ddpcr,GenomicCharacterization_ddpcr_caption,GenomicCharacterization_offtargets,GenomicCharacterization_offtargets_caption,Validation_finished,Validation_WesternBlot,Validation_WesternBlot_caption,Validation_Immunofluorescence,Validation_Immunofluorescence_caption,StemCellCharacterization_finished,StemCellCharacterization_pluripotency_analysis,StemCellCharacterization_pluripotency_analysis_caption,StemCellCharacterization_karyotype,StemCellCharacterization_karyotype_caption,StemCellCharacterization_trilineage,StemCellCharacterization_trilineage_caption,StemCellCharacterization_differentiation,StemCellCharacterization_differentiation_caption,StemCellCharacterization_rnaseq_fig,StemCellCharacterization_rnaseq_fig_caption,Supplementary_finished,Supplementary_cell_culture_link,Supplementary_transfection_link,Supplementary_ddPCR_link,Supplementary_primers_link,Supplementary_offtargets_link
AICS-0005,Yes,11-Jan-17,WTC,PXN,Paxillin,Paxillin,5829,NM_002859.3,ENSG00000089159,Adhesions,C-terminus,EGFP,GTSGGS,https://catalog.coriell.org/0/Sections/Search/Sample_Detail.aspx?Ref=AICS0005&Product=iPSC,https://catalog.coriell.org/0/Sections/Search/Sample_Detail.aspx?Ref=GM25256&Product=CC,,Main_cell_line_morphology.jpg,Viability and colony formation photographed 3 days post-thaw at 4X magnification. Cells were treated with ROCK inhibitor for 24 hrs post-thaw.,Main_cell_line_movie1.jpg,Single image of a live hiPSC colony expressing Tom20-mEGFP imaged on a spinning-disk confocal microscope. Left panel is a single slice of the z-tack near the bottom of the cell; right pnael is this same projection overlaid onto one slice of the same z-stack in the transmitted light channel.,Main_cell_line_movie2.mp4,Timelapse movie of a hiPSC colony expressing paxillin-mEGFP. Images taken in 3D every 5 minutes for 400 minutes on a spinning-disk confocal microscope. Image is a maximum intensity projection of four slices near the bottom of the cell. Movie sped up 3000x over real time.,FALSE,GCACCTAGCAGAAGAGCTTG,Wildtype spCas9,NM_002859.3,EditingDesign_gene_figure.png,Top: PXN locus showing 4 PXN isoforms; Bottom: Zoom in on EGFP insertion site at PXN C-terminal exon,N,N,N,FALSE,N,"PCR amplified and Sanger sequenced 5’, 3’, WT, and full allele junctions to check for precise EGFP insertion. Primers were designed to exclude amplification from the donor plasmid.",N,N,GenomicCharacterization_tagged_allele_gel.jpg,PCR primers were designed to amplify the full length insertion. Gel shows untagged allele (smaller band) and tagged allele (larger band) from single PCR reaction. (1% Agarose gel with Thermo Fisher 1kb plus ladder),GenomicCharacterization_ddpcr.csv,"EGFP: EGFP/RPP30 ratio from ddPCR assay; values = 0.5 +/- 0.05 indicate heterozygous clone, values = 1 +/- 0.05 indicate homozygous clone. Plasmid: AmpR/RPP30 ratio from ddPCR assay; values <0.1 indicate clone with no detectable plasmid integration. RPP30 is known 2n reference gene",GenomicCharacterization_offtargets.csv,Potential off-targets were identified using CasOFFinder; ~4 off-targets in exons and ~ 4 most likely to cut off-targets (having fewest # of flaws relative to on-target) were sanger sequenced to confirm no off-target editing,FALSE,N,N,N,N,FALSE,StemCellCharacterization_pluripotency_analysis.csv,"iPSCs�were stained with directly conjugated antibodies from BD Bioscience, acquired using a FACSAria Fusion (BD Bioscience), and analyzed using FlowJo software (Treestar, Inc.). Doublets were excluded, then marker-specific gates were set according to corresponding fluorescence-minus-one (FMO) controls.",StemCellCharacterization_karyotype.jpg,"After cells banks were created, one vial was thawed and 30 G-banded metaphase cells were karyotyped (DCI, Inc., Seattle WA).",StemCellCharacterization_trilineage.csv,"iPSCs were subjected to a 5-7 day, non-terminal, directed differentiation using the STEMdiff™ Trilineage Differentiation Kit (STEMCELL Technologies, Inc.). Cells were stained for markers of Ectoderm, Endoderm, and Mesoderm lineages using directly conjugated antibodies from BD Bioscience. Gating was based on isotype controls. ",StemCellCharacterization_differentiation.csv,"iPSCs were differentiated to cardiomyocytes and observed for initiation of beating starting at day 6. At ~day 20, cells were fixed and stained with anti-Troponin T (BD Bioscience) and gating was based on an isotype control. ",StemCellCharacterization_rnaseq_fig.png,Transcript levels of stem cell markers and edited locus. Heat maps are based on log2 normalized read counts. Cardiomyocyte samples at Day 5 and Day 20 are shown for comparison. Unedited Stem Cell samples are from passage 14 and passage 8. PXNEGFP samples are from two independent clones.,FALSE,Supplementary_cell_culture_link.pdf,N,N,N,N
AICS-0012,Yes,yes,WTC,TUBA1B,Tubulin-alpha 1b,Alpha-tubulin,10376,NM_006082.2,ENSG00000123416,Microtubules,N-terminus,mEGFP,GGSGGS,https://catalog.coriell.org/0/Sections/Search/Sample_Detail.aspx?Ref=AICS0012&Product=iPSC,https://catalog.coriell.org/0/Sections/Search/Sample_Detail.aspx?Ref=GM25256&Product=CC,,Main_cell_line_morphology.jpg,Viability and colony formation photographed 3 days post-thaw at 4X magnification. Cells were treated with ROCK inhibitor for 24 hrs post-thaw.,Main_cell_line_movie1.mov,Z-stack of live hiPSC cells expressing alpha tubulin-mEGFP imaged on a spinning-disk confocal microscope. Image starts at the bottom of the cells and ends at the top.,Main_cell_line_movie2.mp4,Timelapse movie of a hiPSC colony expressing alpha tubulin-mEGFP. Images taken in 3D every 4 minutes for 400minutes on a spinning-disk confocal microscope. Image is a maximum intensity projection Movie sped up 1200x over real time.,FALSE,GATGCACTCACGCTGCGGGA,Wildtype spCas9,NM_006082.2,EditingDesign_gene_figure.png,Top: TUBA1B locus; Bottom: Zoom in on mEGFP insertion site at TUBA1B N-terminus,N,N,N,FALSE,GenomicCharacterization_junction_schematic.png,"PCR amplified and Sanger sequenced 5’, 3’, WT, and full allele junctions to check for precise mEGFP insertion. Primers were designed to exclude amplification from the donor plasmid.",N,Junctional sequences were amplified and sanger sequenced,GenomicCharacterization_tagged_allele_gel.jpg,PCR primers were designed to amplify the full length insertion. Gel shows untagged allele (smaller band) and tagged allele (larger band) from single PCR reaction. (1% Agarose gel with Thermo Fisher 1kb plus ladder),GenomicCharacterization_ddpcr.csv,"mEGFP: mEGFP/RPP30 ratio from ddPCR assay; values = 0.5 +/- 0.05 indicate heterozygous clone, values = 1 +/- 0.05 indicate homozygous clone. Plasmid: AmpR/RPP30 ratio from ddPCR assay; values <0.1 indicate clone with no detectable plasmid integration. RPP30 is known 2n reference gene",GenomicCharacterization_offtargets.csv,Potential off-targets were identified using CasOFFinder; ~4 off-targets in exons and ~ 4 most likely to cut off-targets (having fewest # of flaws relative to on-target) were sanger sequenced to confirm no off-target editing,FALSE,Validation_WesternBlot.pdf,N,Validation_Immunofluorescence.pdf,N,FALSE,StemCellCharacterization_pluripotency_analysis.csv,"iPSCs�were stained with directly conjugated antibodies from BD Bioscience, acquired using a FACSAria Fusion (BD Bioscience), and analyzed using FlowJo software (Treestar, Inc.). Doublets were excluded, then marker-specific gates were set according to corresponding fluorescence-minus-one (FMO) controls.",StemCellCharacterization_karyotype.jpg,"After cells banks were created, one vial was thawed and 30 G-banded metaphase cells were karyotyped (DCI, Inc., Seattle WA).",StemCellCharacterization_trilineage.csv,"iPSCs were subjected to a 5-7 day, non-terminal, directed differentiation using the STEMdiff™ Trilineage Differentiation Kit (STEMCELL Technologies, Inc.). Cells were stained for markers of Ectoderm, Endoderm, and Mesoderm lineages using directly conjugated antibodies from BD Bioscience. Gating was based on isotype controls. ",StemCellCharacterization_differentiation.csv,"iPSCs were differentiated to cardiomyocytes and observed for initiation of beating starting at day 6. At ~day 20, cells were fixed and stained with anti-Troponin T (BD Bioscience) and gating was based on an isotype control. ",StemCellCharacterization_rnaseq_fig.png,Transcript levels of stem cell markers and edited locus. Heat maps are based on log2 normalized read counts. Cardiomyocyte samples at Day 5 and Day 20 are shown for comparison. Unedited Stem Cell samples are from passage 14 and passage 8. TUBA1B-mEGFP samples are from two independent clones.,FALSE,Supplementary_cell_culture_link.pdf,N,N,N,N
AICS-0031,Screening & QC,TBA,WTC,TUBA1B,Tubulin-alpha 1b,Alpha-tubulin,10376,NM_006082.2,ENSG00000123416,Microtubules,N-terminus,mtagRFP-T,GGSGGS,,https://catalog.coriell.org/0/Sections/Search/Sample_Detail.aspx?Ref=GM25256&Product=CC,,image,N,N,N,N,N,FALSE,GATGCACTCACGCTGCGGGA,Wildtype spCas9,NM_006082.2,N,N,N,N,N,FALSE,N,N,N,N,,N,N,N,N,N,FALSE,N,N,N,N,FALSE,N,N,N,N,,,N,N,N,N,FALSE,N,N,N,N,N
AICS-0011,Yes,11-Jan-17,WTC,TOMM20,Translocase of outer mitochondrial membrane 20,TOM20,9804,NM_014765.2,ENSG00000173726,Mitochondria,C-terminus,mEGFP,GGSGDPPVAT,https://catalog.coriell.org/0/Sections/Search/Sample_Detail.aspx?Ref=AICS0011&Product=iPSC,https://catalog.coriell.org/0/Sections/Search/Sample_Detail.aspx?Ref=GM25256&Product=CC,,Main_cell_line_morphology.jpg,Viability and colony formation photographed 3 days post-thaw at 4X magnification. Cells were treated with ROCK inhibitor for 24 hrs post-thaw.,Main_cell_line_movie1.jpg,Single image of a live hiPSC colony expressing Tom20-mEGFP imaged on a spinning-disk confocal microscope. Image is a maximum intensity projection of 5 z-slices near the bottom of the cell.,Main_cell_line_movie2.mp4,Z-stack of live hiPSC cells expressing Tom20-mEGFP imaged on a spinning-disk confocal microscope. Image starts at the bottom of the cells and ends at the top.,FALSE,AATTGTAAGTGCTCAGAGCT,Wildtype spCas9,NM_014765.2,EditingDesign_gene_figure.png,Top: TOMM20 locus; Bottom: Zoom in on mEGFP insertion site at TOMM20 C-terminal exon,N,N,N,FALSE,N,"PCR amplified and Sanger sequenced 5’, 3’, WT, and full allele junctions to check for precise mEGFP insertion. Primers were designed to exclude amplification from the donor plasmid.",N,N,N,PCR primers were designed to amplify the full length insertion. Gel shows untagged allele (smaller band) and tagged allele (larger band) from single PCR reaction. (1% Agarose gel with Thermo Fisher 1kb plus ladder),GenomicCharacterization_ddpcr.csv,"mEGFP: mEGFP/RPP30 ratio from ddPCR assay; values = 0.5 +/- 0.05 indicate heterozygous clone, values = 1 +/- 0.05 indicate homozygous clone. Plasmid: KanR/RPP30 ratio from ddPCR assay; values <0.1 indicate clone with no detectable plasmid integration. RPP30 is known 2n reference gene. ",GenomicCharacterization_offtargets.csv,Potential off-targets were identified using CasOFFinder; ~4 off-targets in exons and ~ 4 most likely to cut off-targets (having fewest # of flaws relative to on-target) were sanger sequenced to confirm no off-target editing,FALSE,N,N,N,N,FALSE,StemCellCharacterization_pluripotency_analysis.csv,"iPSCs�were stained with directly conjugated antibodies from BD Bioscience, acquired using a FACSAria Fusion (BD Bioscience), and analyzed using FlowJo software (Treestar, Inc.). Doublets were excluded, then marker-specific gates were set according to corresponding fluorescence-minus-one (FMO) controls.",StemCellCharacterization_karyotype.jpg,"After cells banks were created, one vial was thawed and 30 G-banded metaphase cells were karyotyped (DCI, Inc., Seattle WA).",StemCellCharacterization_trilineage.csv,"iPSCs were subjected to a 5-7 day, non-terminal, directed differentiation using the STEMdiff™ Trilineage Differentiation Kit (STEMCELL Technologies, Inc.). Cells were stained for markers of Ectoderm, Endoderm, and Mesoderm lineages using directly conjugated antibodies from BD Bioscience. Gating was based on isotype controls. ",StemCellCharacterization_differentiation.csv,"iPSCs were differentiated to cardiomyocytes and observed for initiation of beating starting at day 6. At ~day 20, cells were fixed and stained with anti-Troponin T (BD Bioscience) and gating was based on an isotype control. ",StemCellCharacterization_rnaseq_fig.png,Transcript levels of stem cell markers and edited locus. Heat maps are based on log2 normalized read counts. Cardiomyocyte samples at Day 5 and Day 20 are shown for comparison. Unedited Stem Cell samples are from passage 14 and passage 8. TOMM20-mEGFP samples are from two independent clones.,FALSE,Supplementary_cell_culture_link.pdf,N,N,N,N
AICS-0013,Yes,11-Jan-17,WTC,LMNB1,Lamin B1,LaminB1,4001,NM_005573.3,ENSG00000113368,Nucleus,N-terminus,mEGFP,SGLRSRAQAS,https://catalog.coriell.org/0/Sections/Search/Sample_Detail.aspx?Ref=AICS0013&Product=iPSC,https://catalog.coriell.org/0/Sections/Search/Sample_Detail.aspx?Ref=GM25256&Product=CC,,Main_cell_line_morphology.jpg,Viability and colony formation photographed 3 days post-thaw at 4X magnification. Cells were treated with ROCK inhibitor for 24 hrs post-thaw.,Main_cell_line_movie1.jpg,Single image of a live hiPSC colony expressing LaminB1-mEGFP. Image is a maximum intensity projection of a spinning-disk confocal z-stack,Main_cell_line_movie2.mp4,Timelapse movie of a hiPSC colony expressing LaminB1-mEGFP. Images taken in 3D every 3 minutes for 12 hours on a spinning-disk confocal microscope. Image is a maximum intensity projection. Movie sped up 1800x over real time.,FALSE,GGGGTCGCAGTCGCCATGGC,Wildtype spCas9,NM_005573.3,EditingDesign_gene_figure.png,Top: LMNB1 locus showing 2 LMNB1 isoforms; Bottom: Zoom in on mEGFP insertion site at LMNB1 N-terminal exon,N,N,N,FALSE,N,"PCR amplified and Sanger sequenced 5’, 3’, WT, and full allele junctions to check for precise mEGFP insertion. Primers were designed to exclude amplification from the donor plasmid.",N,N,GenomicCharacterization_tagged_allele_gel.jpg,PCR primers were designed to amplify the full length insertion. Gel shows untagged allele (smaller band) and tagged allele (larger band) from single PCR reaction. (1% Agarose gel with Thermo Fisher 1kb plus ladder),GenomicCharacterization_ddpcr.csv,"mEGFP: mEGFP/RPP30 ratio from ddPCR assay; values = 0.5 +/- 0.05 indicate heterozygous clone, values = 1 +/- 0.05 indicate homozygous clone. Plasmid: AmpR/RPP30 ratio from ddPCR assay; values <0.1 indicate clone with no detectable plasmid integration. RPP30 is known 2n reference gene",GenomicCharacterization_offtargets.csv,Potential off-targets were identified using CasOFFinder; ~4 off-targets in exons and ~ 4 most likely to cut off-targets (having fewest # of flaws relative to on-target) were sanger sequenced to confirm no off-target editing,FALSE,N,N,N,N,FALSE,StemCellCharacterization_pluripotency_analysis.csv,"iPSCs�were stained with directly conjugated antibodies from BD Bioscience, acquired using a FACSAria Fusion (BD Bioscience), and analyzed using FlowJo software (Treestar, Inc.). Doublets were excluded, then marker-specific gates were set according to corresponding fluorescence-minus-one (FMO) controls.",StemCellCharacterization_karyotype.jpg,"After cells banks were created, one vial was thawed and 30 G-banded metaphase cells were karyotyped (DCI, Inc., Seattle WA).",StemCellCharacterization_trilineage.csv,"iPSCs were subjected to a 5-7 day, non-terminal, directed differentiation using the STEMdiff™ Trilineage Differentiation Kit (STEMCELL Technologies, Inc.). Cells were stained for markers of Ectoderm, Endoderm, and Mesoderm lineages using directly conjugated antibodies from BD Bioscience. Gating was based on isotype controls. ",StemCellCharacterization_differentiation.csv,"iPSCs were differentiated to cardiomyocytes and observed for initiation of beating starting at day 6. At ~day 20, cells were fixed and stained with anti-Troponin T (BD Bioscience) and gating was based on an isotype control. ",StemCellCharacterization_rnaseq_fig.png,Transcript levels of stem cell markers and edited locus. Heat maps are based on log2 normalized read counts. Cardiomyocyte samples at Day 5 and Day 20 are shown for comparison. Unedited Stem Cell samples are from passage 14 and passage 8. LMNB1-mEGFP samples are from two independent clones.,FALSE,Supplementary_cell_culture_link.pdf,N,N,N,N
AICS-0029,Screening & QC,TBA,WTC,LMNB1,Lamin B1,LaminB1,4001,NM_005573.3,ENSG00000113368,Nucleus,N-terminus,tdTomato,SGLRSRAQAS,,https://catalog.coriell.org/0/Sections/Search/Sample_Detail.aspx?Ref=GM25256&Product=CC,,image,N,N,N,N,N,FALSE,GGGGTCGCAGTCGCCATGGC,Wildtype spCas9,NM_005573.3,N,N,N,N,N,FALSE,N,N,N,N,N,N,N,N,N,N,FALSE,N,N,N,N,FALSE,N,N,N,N,,,N,N,N,N,FALSE,N,N,N,N,N
AICS-0017,Yes,11-Jan-17,WTC,DSP,Desmoplakin,Desmoplakin,1832,NM_004415.3,ENSG00000096696,Cell-cell junctions,C-terminus,mEGFP,HDPPVAT,https://catalog.coriell.org/0/Sections/Search/Sample_Detail.aspx?Ref=AICS0017&Product=iPSC,https://catalog.coriell.org/0/Sections/Search/Sample_Detail.aspx?Ref=GM25256&Product=CC,,Main_cell_line_morphology.jpg,Viability and colony formation photographed 3 days post-thaw at 4X magnification. Cells were treated with ROCK inhibitor for 24 hrs post-thaw.,Main_cell_line_movie1.jpg,Single image of a live hiPSC colony expressing Desmoplakin-mEGFP imaged on a spinning-disk confocal microscope. Left panel is a maximum intensity projection of the z-stack; right panel is this same projection overlaid onto one slice of the same z-stack in the transmitted light channel.,N,N,FALSE,AGAACTACTGCTAAATGAGT,Wildtype spCas9,NM_004415.3,EditingDesign_gene_figure.png,Top: DSP locus showing 3 DSP  isoforms; Bottom: Zoom in on mEGFP insertion site at DSP C-terminal exon,N,N,N,FALSE,N,"PCR amplified and Sanger sequenced 5’, 3’, WT, and full allele junctions to check for precise mEGFP insertion. Primers were designed to exclude amplification from the donor plasmid.",N,N,GenomicCharacterization_tagged_allele_gel.jpg,PCR primers were designed to amplify the full length insertion. Gel shows untagged allele (smaller band) and tagged allele (larger band) from single PCR reaction. (1% Agarose gel with Thermo Fisher 1kb plus ladder),GenomicCharacterization_ddpcr.csv,"mEGFP: mEGFP/RPP30 ratio from ddPCR assay; values = 0.5 +/- 0.05 indicate heterozygous clone, values = 1 +/- 0.05 indicate homozygous clone. Plasmid: AmpR/RPP30 ratio from ddPCR assay; values <0.1 indicate clone with no detectable plasmid integration. RPP30 is known 2n reference gene",GenomicCharacterization_offtargets.csv,Potential off-targets were identified using CasOFFinder; ~4 off-targets in exons and ~ 4 most likely to cut off-targets (having fewest # of flaws relative to on-target) were sanger sequenced to confirm no off-target editing,FALSE,N,N,N,N,FALSE,StemCellCharacterization_pluripotency_analysis.csv,"iPSCs�were stained with directly conjugated antibodies from BD Bioscience, acquired using a FACSAria Fusion (BD Bioscience), and analyzed using FlowJo software (Treestar, Inc.). Doublets were excluded, then marker-specific gates were set according to corresponding fluorescence-minus-one (FMO) controls.",StemCellCharacterization_karyotype.jpg,"After cells banks were created, one vial was thawed and 30 G-banded metaphase cells were karyotyped (DCI, Inc., Seattle WA).",StemCellCharacterization_trilineage.csv,"iPSCs were subjected to a 5-7 day, non-terminal, directed differentiation using the STEMdiff™ Trilineage Differentiation Kit (STEMCELL Technologies, Inc.). Cells were stained for markers of Ectoderm, Endoderm, and Mesoderm lineages using directly conjugated antibodies from BD Bioscience. Gating was based on isotype controls. ",StemCellCharacterization_differentiation.csv,"iPSCs were differentiated to cardiomyocytes and observed for initiation of beating starting at day 6. At ~day 20, cells were fixed and stained with anti-Troponin T (BD Bioscience) and gating was based on an isotype control. ",StemCellCharacterization_rnaseq_fig.png,Transcript levels of stem cell markers and edited locus. Heat maps are based on log2 normalized read counts. Cardiomyocyte samples at Day 5 and Day 20 are shown for comparison. Unedited Stem Cell samples are from passage 14 and passage 8. DSP-mEGFP samples are from two independent clones.,FALSE,Supplementary_cell_culture_link.pdf,N,N,N,N
AICS-0016,Final QC,TBA,WTC,ACTB,Actin beta,Beta-actin,60,NM_000000.0,ENSG00000075624,Actin,N-terminus,mEGFP,AGSGT,,https://catalog.coriell.org/0/Sections/Search/Sample_Detail.aspx?Ref=GM25256&Product=CC,,image,N,N,N,N,N,FALSE,N,Wildtype spCas9,N,N,N,N,N,N,FALSE,N,N,N,N,N,N,N,N,N,N,FALSE,N,N,N,N,FALSE,N,N,N,N,,,N,N,N,N,FALSE,N,N,N,N,N
AICS-0010,Final QC,TBA,WTC,SEC61B,Sec61 translocon beta subunit,Sec61-beta,10952,NM_000000.0,ENSG00000106803,Endoplasmic reticulum,N-terminus,mEGFP,SGLRS ,,https://catalog.coriell.org/0/Sections/Search/Sample_Detail.aspx?Ref=GM25256&Product=CC,,image,N,N,N,N,N,FALSE,N,Wildtype spCas9,N,N,N,N,N,N,FALSE,N,N,N,N,N,N,N,N,N,N,FALSE,N,N,N,N,FALSE,N,N,N,N,,,N,N,N,N,FALSE,N,N,N,N,N
AICS-0014,Final QC,TBA,WTC,FBL,Fibrillarin,Fibrillarin,2091,NM_000000.0,ENSG00000105202,Nucleolus,C-terminus,mEGFP,KPNSAVDGTAGPGSIAT,,https://catalog.coriell.org/0/Sections/Search/Sample_Detail.aspx?Ref=GM25256&Product=CC,,image,N,N,N,N,N,FALSE,N,Wildtype spCas9,N,N,N,N,N,N,FALSE,N,N,N,N,N,N,N,N,N,N,FALSE,N,N,N,N,FALSE,N,N,N,N,,,N,N,N,N,FALSE,N,N,N,N,N
AICS-0024,Screening & QC,TBA,WTC,MYH10,Myosin heavy chain 10,Myosin IIB,4628,NM_000000.0,ENSG00000133026,Myosin,N-terminus,mEGFP,YSDLELKLRIP,,https://catalog.coriell.org/0/Sections/Search/Sample_Detail.aspx?Ref=GM25256&Product=CC,,image,N,N,N,N,N,FALSE,N,Wildtype spCas9,N,N,N,N,N,N,FALSE,N,N,N,N,N,N,N,N,N,N,FALSE,N,N,N,N,FALSE,N,N,N,N,,,N,N,N,N,FALSE,N,N,N,N,N
AICS-0032,Screening & QC,TBA,WTC,CETN2,Centrin 2,Centrin,1069,NM_000000.0,ENSG00000147400,Centrosome,N-terminus,mtagRFP-T,SGLRS,,https://catalog.coriell.org/0/Sections/Search/Sample_Detail.aspx?Ref=GM25256&Product=CC,,image,N,N,N,N,N,FALSE,N,Wildtype spCas9,N,N,N,N,N,N,FALSE,N,N,N,N,N,N,N,N,N,N,FALSE,N,N,N,N,FALSE,N,N,N,N,,,N,N,N,N,FALSE,N,N,N,N,N
AICS-0020,Screening & QC,TBA,WTC,VIM,Vimentin,Vimentin,7431,NM_000000.0,ENSG00000026025,Intermediate filaments,N-terminus,mEGFP,SGLRSGSGGGSASGGSGS,,https://catalog.coriell.org/0/Sections/Search/Sample_Detail.aspx?Ref=GM25256&Product=CC,,image,N,N,N,N,N,FALSE,N,Wildtype spCas9,N,N,N,N,N,N,FALSE,N,N,N,N,N,N,N,N,N,N,FALSE,N,N,N,N,FALSE,N,N,N,N,,,N,N,N,N,FALSE,N,N,N,N,N
AICS-0023,Screening & QC,TBA,WTC,TJP1,Tight junction protein 1,ZO-1,7082,NM_000000.0,ENSG00000104067,Tight junctions,N-terminus,mEGFP,SGLRSRALERDK,,https://catalog.coriell.org/0/Sections/Search/Sample_Detail.aspx?Ref=GM25256&Product=CC,,image,N,N,N,N,N,FALSE,N,Wildtype spCas9,N,N,N,N,N,N,FALSE,N,N,N,N,N,N,N,N,N,N,FALSE,N,N,N,N,FALSE,N,N,N,N,,,N,N,N,N,FALSE,N,N,N,N,N
AICS-0030,Screening & QC,TBA,WTC,MAP1LC3B,Microtubule associated protein 1 light chain 3 beta,LC3,81631,NM_000000.0,ENSG00000140941,Autophagosomes,N-terminus,mEGFP,SGLRS,,https://catalog.coriell.org/0/Sections/Search/Sample_Detail.aspx?Ref=GM25256&Product=CC,,image,N,N,N,N,N,FALSE,N,Wildtype spCas9,N,N,N,N,N,N,FALSE,N,N,N,N,N,N,N,N,N,N,FALSE,N,N,N,N,FALSE,N,N,N,N,,,N,N,N,N,FALSE,N,N,N,N,N
AICS-0036,Screening & QC,TBA,WTC,AAVS1-CAG-GFP,,GFP,,,,Cytoplasm,,mEGFP,,,https://catalog.coriell.org/0/Sections/Search/Sample_Detail.aspx?Ref=GM25256&Product=CC,,image,N,N,N,N,N,FALSE,N,Wildtype spCas9,N,N,N,N,N,N,FALSE,N,N,N,N,N,N,N,N,N,N,FALSE,N,N,N,N,FALSE,N,N,N,N,,,N,N,N,N,FALSE,N,N,N,N,N
AICS-0025,Pre-clonal edited,TBA,WTC,ST6GAL1,"ST6 beta-galactoside alpha-2,6-sialyltransferase 1","beta-galactoside alpha-2,6-sialyltransferase 1",6480,NM_000000.0,ENSG00000073849,Golgi,C-terminus,mEGFP,LQSTVPRARDPPVAT,,https://catalog.coriell.org/0/Sections/Search/Sample_Detail.aspx?Ref=GM25256&Product=CC,,image,N,N,N,N,N,FALSE,N,Wildtype spCas9,N,N,N,N,N,N,FALSE,N,N,N,N,N,N,N,N,N,N,FALSE,N,N,N,N,FALSE,N,N,N,N,,,N,N,N,N,FALSE,N,N,N,N,N
AICS-0022,Design phase,TBA,WTC,LAMP1,lysosomal associated membrane protein 1,LAMP1,3916,NM_000000.0,ENSG00000185896,Lysosome,C-terminus,mEGFP,EFGSTGSTGSTGADPPVAT,,https://catalog.coriell.org/0/Sections/Search/Sample_Detail.aspx?Ref=GM25256&Product=CC,,image,N,N,N,N,N,FALSE,N,Wildtype spCas9,N,N,N,N,N,N,FALSE,N,N,N,N,N,N,N,N,N,N,FALSE,N,N,N,N,FALSE,N,N,N,N,,,N,N,N,N,FALSE,N,N,N,N,N
